"filename", "language", "Python", "comment", "blank", "total"
"/home/elliott/Codes/Projects/Pinthac/pinthac/__init__.py", "Python", 3, 15, 2, 20
"/home/elliott/Codes/Projects/Pinthac/pinthac/backend.py", "Python", 70, 165, 25, 260
"/home/elliott/Codes/Projects/Pinthac/pinthac/correlations/__init__.py", "Python", 0, 1, 1, 2
"/home/elliott/Codes/Projects/Pinthac/pinthac/correlations/bundle.py", "Python", 18, 74, 6, 98
"/home/elliott/Codes/Projects/Pinthac/pinthac/correlations/friction.py", "Python", 63, 245, 18, 326
"/home/elliott/Codes/Projects/Pinthac/pinthac/correlations/htc.py", "Python", 245, 797, 67, 1109
"/home/elliott/Codes/Projects/Pinthac/pinthac/ml/__init__.py", "Python", 0, 1, 1, 2
"/home/elliott/Codes/Projects/Pinthac/pinthac/ml/datagen.py", "Python", 137, 64, 35, 236
"/home/elliott/Codes/Projects/Pinthac/pinthac/ml/deeponet.py", "Python", 267, 116, 69, 452
"/home/elliott/Codes/Projects/Pinthac/pinthac/ml/deeponet_predict.py", "Python", 111, 44, 33, 188
"/home/elliott/Codes/Projects/Pinthac/pinthac/ml/pinn.py", "Python", 285, 138, 70, 493
"/home/elliott/Codes/Projects/Pinthac/pinthac/paths.py", "Python", 6, 26, 5, 37
"/home/elliott/Codes/Projects/Pinthac/pinthac/pin/__init__.py", "Python", 5, 9, 2, 16
"/home/elliott/Codes/Projects/Pinthac/pinthac/pin/annular.py", "Python", 53, 274, 22, 349
"/home/elliott/Codes/Projects/Pinthac/pinthac/pin/clad.py", "Python", 9, 60, 5, 74
"/home/elliott/Codes/Projects/Pinthac/pinthac/pin/cylindrical.py", "Python", 31, 204, 15, 250
"/home/elliott/Codes/Projects/Pinthac/pinthac/pin/gap.py", "Python", 16, 62, 7, 85
"/home/elliott/Codes/Projects/Pinthac/pinthac/properties/__init__.py", "Python", 0, 1, 1, 2
"/home/elliott/Codes/Projects/Pinthac/pinthac/properties/getprop.py", "Python", 35, 50, 10, 95
"/home/elliott/Codes/Projects/Pinthac/pinthac/properties/iapws95.py", "Python", 573, 150, 110, 833
"/home/elliott/Codes/Projects/Pinthac/pinthac/properties/iapws97.py", "Python", 519, 167, 107, 793
"/home/elliott/Codes/Projects/Pinthac/pinthac/properties/liqprops.py", "Python", 178, 627, 39, 844
"/home/elliott/Codes/Projects/Pinthac/pinthac/properties/matmod.py", "Python", 471, 1664, 63, 2198
"/home/elliott/Codes/Projects/Pinthac/pinthac/ranges.py", "Python", 28, 67, 13, 108
"/home/elliott/Codes/Projects/Pinthac/pinthac/sca/__init__.py", "Python", 0, 1, 1, 2
"/home/elliott/Codes/Projects/Pinthac/pinthac/sca/annular.py", "Python", 224, 216, 58, 498
"/home/elliott/Codes/Projects/Pinthac/pinthac/sca/lut.py", "Python", 201, 19, 39, 259
"/home/elliott/Codes/Projects/Pinthac/pinthac/sca/rod.py", "Python", 235, 238, 80, 553
"/home/elliott/Codes/Projects/Pinthac/pinthac/sca/scw_table.py", "Python", 30, 32, 9, 71
"/home/elliott/Codes/Projects/Pinthac/pinthac/solvers.py", "Python", 41, 71, 8, 120
"/home/elliott/Codes/Projects/Pinthac/pinthac/uncertainty.py", "Python", 34, 95, 15, 144
"Total", "-", 3888, 5693, 936, 10517